2026-06-15,the.world.in.maps,866K
2026-06-15,katapultmagazin,575K
2026-06-15,turkishgeopoliticalmaps,9,251
15.06.2026 - 19:44,the.world.in.maps,866K
15.06.2026 - 19:44,katapultmagazin,575K
15.06.2026 - 19:44,turkishgeopoliticalmaps,9,251
15.06.2026 - 19:53,the.world.in.maps,866K
15.06.2026 - 19:53,katapultmagazin,575K
15.06.2026 - 19:53,turkishgeopoliticalmaps,9,251
15.06.2026 - 19:53,terriblemap,441K
15.06.2026 - 19:53,mattsurelee,414K
15.06.2026 - 19:53,geopolitical.guy,378K
15.06.2026 - 19:53,unimaps.world,354K
15.06.2026 - 19:53,civixplorer,317K
15.06.2026 - 19:53,eu_eurostat,319K
15.06.2026 - 19:53,thinkaboutmaps,200K
15.06.2026 - 19:53,atlasova.world,184K
15.06.2026 - 19:53,maps_black,193K
15.06.2026 - 19:53,brilliantmaps,183K
15.06.2026 - 19:53,amazing__maps,160K
15.06.2026 - 19:53,theeuropeancorrespondent,147K
15.06.2026 - 19:53,powerfulcountries,140K
15.06.2026 - 19:53,geomapas.gr,141K
15.06.2026 - 19:53,haritalariseviyorum,138K
15.06.2026 - 19:53,braziliangeopoliticalmaps,116K
15.06.2026 - 19:53,everythingaboutmaps,112K
15.06.2026 - 19:53,europe.magazine,113K
15.06.2026 - 19:53,think.geography,109K
15.06.2026 - 19:53,maps.are.amazing,109K
15.06.2026 - 19:53,languages.eu,102K
15.06.2026 - 19:53,amazingmap,107K
15.06.2026 - 19:53,mapsofeurope,99K
15.06.2026 - 19:53,geography_addicted_,95K
15.06.2026 - 19:53,haritaverii,87K
15.06.2026 - 19:53,very_useful_maps,86K
15.06.2026 - 19:53,geo.simplified,76K
15.06.2026 - 19:53,geo.universe,70K
15.06.2026 - 19:53,simeon.netchev,65K
15.06.2026 - 19:53,mapas_mundiales,59K
15.06.2026 - 19:53,dalmatian.mapper,58K
15.06.2026 - 19:53,amazinmaps,57K
15.06.2026 - 19:53,georgianmaps,57K
15.06.2026 - 19:53,aydin_hoca_cografya,59K
15.06.2026 - 19:53,schengenvisainfo1,52K
15.06.2026 - 19:53,dodi_maps,52K
15.06.2026 - 19:53,mapsenthusiast,37K
15.06.2026 - 19:53,visaguideworld,35K
15.06.2026 - 19:53,tarihselbilgi,34K
15.06.2026 - 19:53,morcografya,33K
15.06.2026 - 19:53,hunmapper,31K
15.06.2026 - 19:53,geo.facts_,29K
15.06.2026 - 19:53,maven.mapping,29K
15.06.2026 - 19:53,rexetruriae,39K
15.06.2026 - 19:53,land_geist,27K
15.06.2026 - 19:53,geography_worldmaps,27K
15.06.2026 - 19:53,elections.stats,29K
15.06.2026 - 19:53,mapasmilhaud,26K
15.06.2026 - 19:53,cografigercekler,25K
15.06.2026 - 19:53,derkwell_maps,23K
15.06.2026 - 19:53,averagecartographer,22K
15.06.2026 - 19:53,ir.maps,20K
15.06.2026 - 19:53,cactusmapping,18K
15.06.2026 - 19:53,cografizah,19K
15.06.2026 - 20:24,the.world.in.maps,866K
15.06.2026 - 20:24,katapultmagazin,575K
15.06.2026 - 20:24,turkishgeopoliticalmaps,9,251
15.06.2026 - 20:24,terriblemap,441K
15.06.2026 - 20:24,mattsurelee,414K
15.06.2026 - 20:24,geopolitical.guy,378K
15.06.2026 - 20:24,unimaps.world,354K
15.06.2026 - 20:24,civixplorer,317K
15.06.2026 - 20:24,eu_eurostat,319K
15.06.2026 - 20:24,thinkaboutmaps,200K
15.06.2026 - 20:24,atlasova.world,184K
15.06.2026 - 20:24,maps_black,193K
15.06.2026 - 20:24,brilliantmaps,183K
15.06.2026 - 20:24,amazing__maps,160K
15.06.2026 - 20:24,theeuropeancorrespondent,147K
15.06.2026 - 20:24,powerfulcountries,140K
15.06.2026 - 20:24,geomapas.gr,141K
15.06.2026 - 20:24,haritalariseviyorum,138K
15.06.2026 - 20:24,braziliangeopoliticalmaps,116K
15.06.2026 - 20:24,everythingaboutmaps,112K
15.06.2026 - 20:24,europe.magazine,113K
15.06.2026 - 20:24,think.geography,109K
15.06.2026 - 20:24,maps.are.amazing,109K
15.06.2026 - 20:24,languages.eu,102K
15.06.2026 - 20:24,amazingmap,107K
15.06.2026 - 20:24,mapsofeurope,99K
15.06.2026 - 20:24,geography_addicted_,95K
15.06.2026 - 20:24,haritaverii,87K
15.06.2026 - 20:24,very_useful_maps,86K
15.06.2026 - 20:24,geo.simplified,76K
15.06.2026 - 20:24,geo.universe,70K
15.06.2026 - 20:24,simeon.netchev,65K
15.06.2026 - 20:24,mapas_mundiales,59K
15.06.2026 - 20:24,dalmatian.mapper,58K
15.06.2026 - 20:24,amazinmaps,57K
15.06.2026 - 20:24,georgianmaps,57K
15.06.2026 - 20:24,aydin_hoca_cografya,59K
15.06.2026 - 20:24,schengenvisainfo1,52K
15.06.2026 - 20:24,dodi_maps,52K
15.06.2026 - 20:24,mapsenthusiast,37K
15.06.2026 - 20:24,visaguideworld,35K
15.06.2026 - 20:24,tarihselbilgi,34K
15.06.2026 - 20:24,morcografya,33K
15.06.2026 - 20:24,hunmapper,31K
15.06.2026 - 20:24,geo.facts_,29K
15.06.2026 - 20:24,maven.mapping,29K
15.06.2026 - 20:24,rexetruriae,39K
15.06.2026 - 20:24,land_geist,27K
15.06.2026 - 20:24,geography_worldmaps,27K
15.06.2026 - 20:24,elections.stats,29K
15.06.2026 - 20:24,mapasmilhaud,26K
15.06.2026 - 20:24,cografigercekler,25K
15.06.2026 - 20:24,derkwell_maps,23K
15.06.2026 - 20:24,averagecartographer,22K
15.06.2026 - 20:24,ir.maps,20K
15.06.2026 - 20:24,cactusmapping,18K
15.06.2026 - 20:24,cografizah,19K
15.06.2026 - 20:24,geo.mapped,21K
15.06.2026 - 20:24,egm_bizarros,19K
15.06.2026 - 20:24,poland_maps,15K
15.06.2026 - 20:24,imhistriphy,14K
15.06.2026 - 20:24,djtanaliz,14K
15.06.2026 - 20:24,theworldinmaps,14K
15.06.2026 - 20:24,theflagmapguy_2.0,14K
15.06.2026 - 20:24,try.asia,13K
15.06.2026 - 20:24,tarix_hazirliq_nabiyeva_bahar,13K
15.06.2026 - 20:24,mikro.secim,14K
15.06.2026 - 20:24,the.history.archives,12K
15.06.2026 - 20:24,explainedreality,12K
15.06.2026 - 20:24,deltamaps,10K
15.06.2026 - 20:24,saptadvipa_maps,10K
15.06.2026 - 20:24,lupiae.maps,10K
15.06.2026 - 20:24,_geographically_,9,352
15.06.2026 - 20:24,m4b_lums,9,347
15.06.2026 - 20:24,moregeographyeveryday,9,013
15.06.2026 - 20:24,preussenarchiv,8,982
15.06.2026 - 20:24,thebluemaps,8,856
15.06.2026 - 20:24,flags_maps_byhand.official,8,913
15.06.2026 - 20:24,mapclip.eu,8,216
15.06.2026 - 20:24,mediterranean.mapper,8,080
15.06.2026 - 20:24,try.balkan,8,070
15.06.2026 - 20:24,britainmaps_,7,872
15.06.2026 - 20:24,visualwallmaps,7,795
15.06.2026 - 20:24,haritabilim,7,633
15.06.2026 - 20:24,azerbeijani,8,786
15.06.2026 - 20:24,srb_maps,6,601
15.06.2026 - 20:24,allygorhy,6,470
15.06.2026 - 20:24,lecartographeroyal,5,904
15.06.2026 - 20:24,south.europe_geo,5,955
15.06.2026 - 20:24,keylandmaps,5,414
15.06.2026 - 20:24,forum_harita,4,908
15.06.2026 - 20:24,factsonmap,4,772
15.06.2026 - 20:24,georiginals,4,211
15.06.2026 - 20:24,attican_mapper,3,376
15.06.2026 - 20:24,kontext_ger,3,736
15.06.2026 - 20:24,mapaetudo,3,217
15.06.2026 - 20:24,geo_w0rld,3,044
15.06.2026 - 20:24,southeastasia.languages,2,954
15.06.2026 - 20:24,historical.maps_,2,729
15.06.2026 - 20:24,geomapped,2,632
15.06.2026 - 20:24,east.west.street,2,645
15.06.2026 - 20:24,hellenic_mapper,2,310
15.06.2026 - 20:24,geo.benelux,2,114
15.06.2026 - 20:24,mapscommunity,2,069
15.06.2026 - 20:24,_holfat_,1,961
15.06.2026 - 20:24,trend_maps,1,861
15.06.2026 - 20:24,leuchtturm.wiki,1,842
15.06.2026 - 20:24,slavonian_history,1,734
15.06.2026 - 20:24,zijemsk,1,700
15.06.2026 - 20:24,histo_graphical.can,1,687
15.06.2026 - 20:24,ancyra_mapping,1,632
15.06.2026 - 20:24,gerpol.frame_mapper,1,485
15.06.2026 - 20:24,geo.dutch,1,320
15.06.2026 - 20:24,backa.mapper,1,109
15.06.2026 - 20:24,hellenic_cartographer,1,079
15.06.2026 - 20:24,datailed,486
15.06.2026 - 20:24,electionsmaps,425
15.06.2026 - 20:24,turkischmaps,406
15.06.2026 - 21:06,the.world.in.maps,866K
15.06.2026 - 21:06,katapultmagazin,575K
15.06.2026 - 21:06,turkishgeopoliticalmaps,9,251
15.06.2026 - 21:06,terriblemap,441K
15.06.2026 - 22:10,the.world.in.maps,866K
15.06.2026 - 22:10,katapultmagazin,575K
15.06.2026 - 22:10,turkishgeopoliticalmaps,9,251
15.06.2026 - 22:10,terriblemap,441K
15.06.2026 - 22:10,mattsurelee,414K
15.06.2026 - 22:10,geopolitical.guy,378K
15.06.2026 - 22:10,unimaps.world,354K
15.06.2026 - 22:10,civixplorer,317K
15.06.2026 - 22:10,eu_eurostat,319K
15.06.2026 - 22:10,thinkaboutmaps,200K
15.06.2026 - 22:10,atlasova.world,184K
15.06.2026 - 22:10,maps_black,193K
15.06.2026 - 22:10,brilliantmaps,183K
15.06.2026 - 22:10,amazing__maps,160K
15.06.2026 - 22:10,theeuropeancorrespondent,147K
15.06.2026 - 22:10,powerfulcountries,140K
15.06.2026 - 22:10,geomapas.gr,141K
15.06.2026 - 22:10,haritalariseviyorum,138K
15.06.2026 - 22:10,braziliangeopoliticalmaps,116K
15.06.2026 - 22:10,everythingaboutmaps,112K
15.06.2026 - 22:10,europe.magazine,113K
15.06.2026 - 22:10,think.geography,109K
15.06.2026 - 22:10,maps.are.amazing,109K
15.06.2026 - 22:10,languages.eu,102K
15.06.2026 - 22:10,amazingmap,107K
15.06.2026 - 22:10,mapsofeurope,99K
15.06.2026 - 22:10,geography_addicted_,95K
15.06.2026 - 22:10,haritaverii,87K
15.06.2026 - 22:10,very_useful_maps,86K
15.06.2026 - 22:10,geo.simplified,76K
15.06.2026 - 22:10,geo.universe,70K
15.06.2026 - 22:10,simeon.netchev,65K
15.06.2026 - 22:10,mapas_mundiales,59K
15.06.2026 - 22:10,dalmatian.mapper,58K
15.06.2026 - 22:10,amazinmaps,57K
15.06.2026 - 22:10,georgianmaps,57K
15.06.2026 - 22:10,aydin_hoca_cografya,59K
15.06.2026 - 22:10,schengenvisainfo1,52K
15.06.2026 - 22:10,dodi_maps,52K
15.06.2026 - 22:10,mapsenthusiast,37K
15.06.2026 - 22:10,visaguideworld,35K
15.06.2026 - 22:10,tarihselbilgi,34K
15.06.2026 - 22:10,morcografya,33K
15.06.2026 - 22:10,hunmapper,31K
15.06.2026 - 22:10,geo.facts_,29K
15.06.2026 - 22:10,maven.mapping,29K
15.06.2026 - 22:10,rexetruriae,39K
15.06.2026 - 22:10,land_geist,27K
15.06.2026 - 22:10,geography_worldmaps,27K
15.06.2026 - 22:10,elections.stats,29K
15.06.2026 - 22:10,mapasmilhaud,26K
15.06.2026 - 22:10,cografigercekler,25K
15.06.2026 - 22:10,derkwell_maps,23K
15.06.2026 - 22:10,averagecartographer,22K
15.06.2026 - 22:10,ir.maps,20K
15.06.2026 - 22:10,cactusmapping,18K
15.06.2026 - 22:10,cografizah,19K
15.06.2026 - 22:10,geo.mapped,21K
15.06.2026 - 22:10,egm_bizarros,19K
15.06.2026 - 22:10,poland_maps,15K
15.06.2026 - 22:10,imhistriphy,14K
15.06.2026 - 22:10,djtanaliz,14K
15.06.2026 - 22:10,theworldinmaps,14K
15.06.2026 - 22:10,theflagmapguy_2.0,14K
15.06.2026 - 22:10,try.asia,13K
15.06.2026 - 22:10,tarix_hazirliq_nabiyeva_bahar,13K
15.06.2026 - 22:10,mikro.secim,14K
15.06.2026 - 22:10,the.history.archives,12K
15.06.2026 - 22:10,explainedreality,12K
15.06.2026 - 22:10,deltamaps,10K
15.06.2026 - 22:10,saptadvipa_maps,10K
15.06.2026 - 22:10,lupiae.maps,10K
15.06.2026 - 22:10,_geographically_,9,352
15.06.2026 - 22:10,m4b_lums,9,347
15.06.2026 - 22:10,moregeographyeveryday,9,013
15.06.2026 - 22:10,preussenarchiv,8,982
15.06.2026 - 22:10,thebluemaps,8,856
15.06.2026 - 22:10,flags_maps_byhand.official,8,913
15.06.2026 - 22:10,mapclip.eu,8,216
15.06.2026 - 22:10,mediterranean.mapper,8,080
15.06.2026 - 22:10,try.balkan,8,070
15.06.2026 - 22:10,britainmaps_,7,872
15.06.2026 - 22:10,visualwallmaps,7,795
15.06.2026 - 22:10,haritabilim,7,633
15.06.2026 - 22:10,azerbeijani,8,786
15.06.2026 - 22:10,srb_maps,6,601
15.06.2026 - 22:10,allygorhy,6,470
15.06.2026 - 22:10,lecartographeroyal,5,904
15.06.2026 - 22:10,south.europe_geo,5,955
15.06.2026 - 22:10,keylandmaps,5,414
15.06.2026 - 22:10,forum_harita,4,908
15.06.2026 - 22:10,factsonmap,4,772
15.06.2026 - 22:10,georiginals,4,211
15.06.2026 - 22:10,attican_mapper,3,376
15.06.2026 - 22:10,kontext_ger,3,736
15.06.2026 - 22:10,mapaetudo,3,217
15.06.2026 - 22:10,geo_w0rld,3,044
15.06.2026 - 22:10,southeastasia.languages,2,954
15.06.2026 - 22:10,historical.maps_,2,729
15.06.2026 - 22:10,geomapped,2,632
15.06.2026 - 22:10,east.west.street,2,645
15.06.2026 - 22:10,hellenic_mapper,2,310
15.06.2026 - 22:10,geo.benelux,2,114
15.06.2026 - 22:10,mapscommunity,2,069
15.06.2026 - 22:10,_holfat_,1,961
15.06.2026 - 22:10,trend_maps,1,861
15.06.2026 - 22:10,leuchtturm.wiki,1,842
15.06.2026 - 22:10,slavonian_history,1,734
15.06.2026 - 22:10,zijemsk,1,700
15.06.2026 - 22:10,histo_graphical.can,1,687
15.06.2026 - 22:10,gerpol.frame_mapper,1,485
15.06.2026 - 22:10,geo.dutch,1,320
15.06.2026 - 22:10,backa.mapper,1,109
15.06.2026 - 22:10,hellenic_cartographer,1,079
15.06.2026 - 22:10,datailed,486
15.06.2026 - 22:10,electionsmaps,425
15.06.2026 - 22:10,turkischmaps,406
15.06.2026 - 22:10,unimaps.de,4,612
15.06.2026 - 22:39,the.world.in.maps,866K
15.06.2026 - 22:39,katapultmagazin,575K
15.06.2026 - 22:39,turkishgeopoliticalmaps,9,251
15.06.2026 - 22:39,terriblemap,441K
15.06.2026 - 22:39,mattsurelee,414K
15.06.2026 - 22:39,geopolitical.guy,378K
15.06.2026 - 22:39,unimaps.world,354K
15.06.2026 - 22:39,civixplorer,317K
15.06.2026 - 22:39,eu_eurostat,319K
15.06.2026 - 22:39,thinkaboutmaps,200K
15.06.2026 - 22:39,atlasova.world,184K
15.06.2026 - 22:39,maps_black,193K
15.06.2026 - 22:39,brilliantmaps,183K
15.06.2026 - 22:39,amazing__maps,160K
15.06.2026 - 22:39,theeuropeancorrespondent,147K
15.06.2026 - 22:39,powerfulcountries,140K
15.06.2026 - 22:39,geomapas.gr,141K
15.06.2026 - 22:39,haritalariseviyorum,138K
15.06.2026 - 22:39,braziliangeopoliticalmaps,116K
15.06.2026 - 22:39,everythingaboutmaps,112K
15.06.2026 - 22:39,europe.magazine,113K
15.06.2026 - 22:39,think.geography,109K
15.06.2026 - 22:39,maps.are.amazing,109K
15.06.2026 - 22:39,languages.eu,102K
15.06.2026 - 22:39,amazingmap,107K
15.06.2026 - 22:39,mapsofeurope,99K
15.06.2026 - 22:39,geography_addicted_,95K
15.06.2026 - 22:39,haritaverii,87K
15.06.2026 - 22:39,very_useful_maps,86K
15.06.2026 - 22:39,geo.simplified,76K
15.06.2026 - 22:39,geo.universe,70K
15.06.2026 - 22:39,simeon.netchev,65K
15.06.2026 - 22:39,mapas_mundiales,59K
15.06.2026 - 22:39,dalmatian.mapper,58K
15.06.2026 - 22:39,amazinmaps,57K
15.06.2026 - 22:39,georgianmaps,57K
15.06.2026 - 22:39,aydin_hoca_cografya,59K
15.06.2026 - 22:39,schengenvisainfo1,52K
15.06.2026 - 22:39,dodi_maps,52K
15.06.2026 - 22:39,mapsenthusiast,37K
15.06.2026 - 22:39,visaguideworld,35K
15.06.2026 - 22:39,tarihselbilgi,34K
15.06.2026 - 22:39,morcografya,33K
15.06.2026 - 22:39,hunmapper,31K
15.06.2026 - 22:39,geo.facts_,29K
15.06.2026 - 22:39,maven.mapping,29K
15.06.2026 - 22:39,rexetruriae,39K
15.06.2026 - 22:39,land_geist,27K
15.06.2026 - 22:39,geography_worldmaps,27K
15.06.2026 - 22:39,elections.stats,29K
15.06.2026 - 22:39,mapasmilhaud,26K
15.06.2026 - 22:39,cografigercekler,25K
15.06.2026 - 22:39,derkwell_maps,23K
15.06.2026 - 22:39,averagecartographer,22K
15.06.2026 - 22:39,ir.maps,20K
15.06.2026 - 22:39,cactusmapping,18K
15.06.2026 - 22:39,cografizah,19K
15.06.2026 - 22:39,geo.mapped,21K
15.06.2026 - 22:39,egm_bizarros,19K
15.06.2026 - 22:39,poland_maps,15K
15.06.2026 - 22:39,imhistriphy,14K
15.06.2026 - 22:39,djtanaliz,14K
15.06.2026 - 22:39,theworldinmaps,14K
15.06.2026 - 22:39,theflagmapguy_2.0,14K
15.06.2026 - 22:39,try.asia,13K
15.06.2026 - 22:39,tarix_hazirliq_nabiyeva_bahar,13K
15.06.2026 - 22:39,mikro.secim,14K
15.06.2026 - 22:39,the.history.archives,12K
15.06.2026 - 22:39,explainedreality,12K
15.06.2026 - 22:39,deltamaps,10K
15.06.2026 - 22:39,saptadvipa_maps,10K
15.06.2026 - 22:39,lupiae.maps,10K
15.06.2026 - 22:39,_geographically_,9,352
15.06.2026 - 22:39,m4b_lums,9,347
15.06.2026 - 22:39,moregeographyeveryday,9,013
15.06.2026 - 22:39,preussenarchiv,8,982
15.06.2026 - 22:39,thebluemaps,8,856
15.06.2026 - 22:39,flags_maps_byhand.official,8,913
15.06.2026 - 22:39,mapclip.eu,8,216
15.06.2026 - 22:39,mediterranean.mapper,8,080
15.06.2026 - 22:39,try.balkan,8,070
15.06.2026 - 22:39,britainmaps_,7,872
15.06.2026 - 22:39,visualwallmaps,7,795
15.06.2026 - 22:39,haritabilim,7,633
15.06.2026 - 22:39,azerbeijani,8,786
15.06.2026 - 22:39,srb_maps,6,601
15.06.2026 - 22:39,allygorhy,6,470
15.06.2026 - 22:39,lecartographeroyal,5,904
15.06.2026 - 22:39,south.europe_geo,5,955
15.06.2026 - 22:39,keylandmaps,5,414
15.06.2026 - 22:39,forum_harita,4,908
15.06.2026 - 22:39,factsonmap,4,772
15.06.2026 - 22:39,georiginals,4,211
15.06.2026 - 22:39,attican_mapper,3,376
15.06.2026 - 22:39,kontext_ger,3,736
15.06.2026 - 22:39,mapaetudo,3,217
15.06.2026 - 22:39,geo_w0rld,3,044
15.06.2026 - 22:39,southeastasia.languages,2,954
15.06.2026 - 22:39,historical.maps_,2,729
15.06.2026 - 22:39,geomapped,2,632
15.06.2026 - 22:39,east.west.street,2,645
15.06.2026 - 22:39,hellenic_mapper,2,310
15.06.2026 - 22:39,geo.benelux,2,114
15.06.2026 - 22:39,mapscommunity,2,069
15.06.2026 - 22:39,_holfat_,1,961
15.06.2026 - 22:39,trend_maps,1,861
15.06.2026 - 22:39,leuchtturm.wiki,1,842
15.06.2026 - 22:39,slavonian_history,1,734
15.06.2026 - 22:39,zijemsk,1,700
15.06.2026 - 22:39,histo_graphical.can,1,687
15.06.2026 - 22:39,gerpol.frame_mapper,1,485
15.06.2026 - 22:39,geo.dutch,1,320
15.06.2026 - 22:39,backa.mapper,1,109
15.06.2026 - 22:39,hellenic_cartographer,1,079
15.06.2026 - 22:39,datailed,486
15.06.2026 - 22:39,electionsmaps,425
15.06.2026 - 22:39,turkischmaps,406
15.06.2026 - 22:39,unimaps.de,4,612
15.06.2026 - 23:12,the.world.in.maps,866K
15.06.2026 - 23:12,katapultmagazin,575K
15.06.2026 - 23:12,turkishgeopoliticalmaps,9,251
15.06.2026 - 23:12,terriblemap,441K
15.06.2026 - 23:12,mattsurelee,414K
15.06.2026 - 23:12,geopolitical.guy,378K
15.06.2026 - 23:12,unimaps.world,354K
15.06.2026 - 23:12,civixplorer,317K
15.06.2026 - 23:12,eu_eurostat,319K
15.06.2026 - 23:12,thinkaboutmaps,200K
15.06.2026 - 23:12,atlasova.world,184K
15.06.2026 - 23:12,maps_black,193K
15.06.2026 - 23:12,brilliantmaps,183K
15.06.2026 - 23:12,amazing__maps,160K
15.06.2026 - 23:12,theeuropeancorrespondent,147K
15.06.2026 - 23:12,powerfulcountries,140K
15.06.2026 - 23:12,geomapas.gr,141K
15.06.2026 - 23:12,haritalariseviyorum,138K
15.06.2026 - 23:12,braziliangeopoliticalmaps,116K
15.06.2026 - 23:12,everythingaboutmaps,112K
15.06.2026 - 23:12,europe.magazine,113K
15.06.2026 - 23:12,think.geography,109K
15.06.2026 - 23:12,maps.are.amazing,109K
15.06.2026 - 23:12,languages.eu,102K
15.06.2026 - 23:12,amazingmap,107K
15.06.2026 - 23:12,mapsofeurope,99K
15.06.2026 - 23:12,geography_addicted_,95K
15.06.2026 - 23:12,haritaverii,87K
15.06.2026 - 23:12,very_useful_maps,86K
15.06.2026 - 23:12,geo.simplified,76K
15.06.2026 - 23:12,geo.universe,70K
15.06.2026 - 23:12,simeon.netchev,65K
15.06.2026 - 23:12,mapas_mundiales,59K
15.06.2026 - 23:12,dalmatian.mapper,58K
15.06.2026 - 23:12,amazinmaps,57K
15.06.2026 - 23:12,georgianmaps,57K
15.06.2026 - 23:12,aydin_hoca_cografya,59K
15.06.2026 - 23:12,schengenvisainfo1,52K
15.06.2026 - 23:12,dodi_maps,52K
15.06.2026 - 23:12,mapsenthusiast,37K
15.06.2026 - 23:12,visaguideworld,35K
15.06.2026 - 23:12,tarihselbilgi,34K
15.06.2026 - 23:12,morcografya,33K
15.06.2026 - 23:12,hunmapper,31K
15.06.2026 - 23:12,geo.facts_,29K
15.06.2026 - 23:12,maven.mapping,29K
15.06.2026 - 23:12,rexetruriae,39K
15.06.2026 - 23:12,land_geist,27K
15.06.2026 - 23:12,geography_worldmaps,27K
15.06.2026 - 23:12,elections.stats,29K
15.06.2026 - 23:12,mapasmilhaud,26K
15.06.2026 - 23:12,cografigercekler,25K
15.06.2026 - 23:12,derkwell_maps,23K
15.06.2026 - 23:12,averagecartographer,22K
15.06.2026 - 23:12,ir.maps,20K
15.06.2026 - 23:12,cactusmapping,18K
15.06.2026 - 23:12,cografizah,19K
15.06.2026 - 23:12,geo.mapped,21K
15.06.2026 - 23:12,egm_bizarros,19K
15.06.2026 - 23:12,poland_maps,15K
15.06.2026 - 23:12,imhistriphy,14K
15.06.2026 - 23:12,djtanaliz,14K
15.06.2026 - 23:12,theworldinmaps,14K
15.06.2026 - 23:12,theflagmapguy_2.0,14K
15.06.2026 - 23:12,try.asia,13K
15.06.2026 - 23:12,tarix_hazirliq_nabiyeva_bahar,13K
15.06.2026 - 23:12,mikro.secim,14K
15.06.2026 - 23:12,the.history.archives,12K
15.06.2026 - 23:12,explainedreality,12K
15.06.2026 - 23:12,deltamaps,10K
15.06.2026 - 23:12,saptadvipa_maps,10K
15.06.2026 - 23:12,lupiae.maps,10K
15.06.2026 - 23:12,_geographically_,9,352
15.06.2026 - 23:12,m4b_lums,9,347
15.06.2026 - 23:12,moregeographyeveryday,9,013
15.06.2026 - 23:12,preussenarchiv,8,982
15.06.2026 - 23:12,thebluemaps,8,856
15.06.2026 - 23:12,flags_maps_byhand.official,8,913
15.06.2026 - 23:12,mapclip.eu,8,216
15.06.2026 - 23:12,mediterranean.mapper,8,080
15.06.2026 - 23:12,try.balkan,8,070
15.06.2026 - 23:12,britainmaps_,7,872
15.06.2026 - 23:12,visualwallmaps,7,795
15.06.2026 - 23:12,haritabilim,7,633
15.06.2026 - 23:12,azerbeijani,8,786
15.06.2026 - 23:12,srb_maps,6,601
15.06.2026 - 23:12,allygorhy,6,470
15.06.2026 - 23:12,lecartographeroyal,5,904
15.06.2026 - 23:12,south.europe_geo,5,955
15.06.2026 - 23:12,keylandmaps,5,414
15.06.2026 - 23:12,forum_harita,4,908
15.06.2026 - 23:12,factsonmap,4,772
15.06.2026 - 23:12,georiginals,4,211
15.06.2026 - 23:12,attican_mapper,3,376
15.06.2026 - 23:12,kontext_ger,3,736
15.06.2026 - 23:12,mapaetudo,3,217
15.06.2026 - 23:12,geo_w0rld,3,044
15.06.2026 - 23:12,southeastasia.languages,2,954
15.06.2026 - 23:12,historical.maps_,2,729
15.06.2026 - 23:12,geomapped,2,632
15.06.2026 - 23:12,east.west.street,2,645
15.06.2026 - 23:12,hellenic_mapper,2,310
15.06.2026 - 23:12,geo.benelux,2,114
15.06.2026 - 23:12,mapscommunity,2,069
15.06.2026 - 23:12,_holfat_,1,961
15.06.2026 - 23:12,trend_maps,1,861
15.06.2026 - 23:12,leuchtturm.wiki,1,842
15.06.2026 - 23:12,slavonian_history,1,734
15.06.2026 - 23:12,zijemsk,1,700
15.06.2026 - 23:12,histo_graphical.can,1,687
15.06.2026 - 23:12,gerpol.frame_mapper,1,485
15.06.2026 - 23:12,geo.dutch,1,320
15.06.2026 - 23:12,backa.mapper,1,109
15.06.2026 - 23:12,hellenic_cartographer,1,079
15.06.2026 - 23:12,datailed,486
15.06.2026 - 23:12,electionsmaps,425
15.06.2026 - 23:12,turkischmaps,406
15.06.2026 - 23:12,unimaps.de,4,612
15.06.2026 - 23:40,the.world.in.maps,866K
15.06.2026 - 23:40,katapultmagazin,575K
15.06.2026 - 23:40,turkishgeopoliticalmaps,9,251
15.06.2026 - 23:40,terriblemap,441K
15.06.2026 - 23:40,mattsurelee,414K
15.06.2026 - 23:40,geopolitical.guy,378K
15.06.2026 - 23:40,unimaps.world,354K
15.06.2026 - 23:40,civixplorer,317K
15.06.2026 - 23:40,eu_eurostat,319K
15.06.2026 - 23:40,thinkaboutmaps,200K
15.06.2026 - 23:40,atlasova.world,184K
15.06.2026 - 23:40,maps_black,193K
15.06.2026 - 23:40,brilliantmaps,183K
15.06.2026 - 23:40,amazing__maps,160K
15.06.2026 - 23:40,theeuropeancorrespondent,147K
15.06.2026 - 23:40,powerfulcountries,140K
15.06.2026 - 23:40,geomapas.gr,141K
15.06.2026 - 23:40,haritalariseviyorum,138K
15.06.2026 - 23:40,braziliangeopoliticalmaps,116K
15.06.2026 - 23:40,everythingaboutmaps,112K
15.06.2026 - 23:40,europe.magazine,113K
15.06.2026 - 23:40,think.geography,109K
15.06.2026 - 23:40,maps.are.amazing,109K
15.06.2026 - 23:40,languages.eu,102K
15.06.2026 - 23:40,amazingmap,107K
15.06.2026 - 23:40,mapsofeurope,99K
15.06.2026 - 23:40,geography_addicted_,95K
15.06.2026 - 23:40,haritaverii,87K
15.06.2026 - 23:40,very_useful_maps,86K
15.06.2026 - 23:40,geo.simplified,76K
15.06.2026 - 23:40,geo.universe,70K
15.06.2026 - 23:40,simeon.netchev,65K
15.06.2026 - 23:40,mapas_mundiales,59K
15.06.2026 - 23:40,dalmatian.mapper,58K
15.06.2026 - 23:40,amazinmaps,57K
15.06.2026 - 23:40,georgianmaps,57K
15.06.2026 - 23:40,aydin_hoca_cografya,59K
15.06.2026 - 23:40,schengenvisainfo1,52K
15.06.2026 - 23:40,dodi_maps,52K
15.06.2026 - 23:40,mapsenthusiast,37K
15.06.2026 - 23:40,visaguideworld,35K
15.06.2026 - 23:40,tarihselbilgi,34K
15.06.2026 - 23:40,morcografya,33K
15.06.2026 - 23:40,hunmapper,31K
15.06.2026 - 23:40,geo.facts_,29K
15.06.2026 - 23:40,maven.mapping,29K
15.06.2026 - 23:40,rexetruriae,39K
15.06.2026 - 23:40,land_geist,27K
15.06.2026 - 23:40,geography_worldmaps,27K
15.06.2026 - 23:40,elections.stats,29K
15.06.2026 - 23:40,mapasmilhaud,26K
15.06.2026 - 23:40,cografigercekler,25K
15.06.2026 - 23:40,derkwell_maps,23K
15.06.2026 - 23:40,averagecartographer,22K
15.06.2026 - 23:40,ir.maps,20K
15.06.2026 - 23:40,cactusmapping,18K
15.06.2026 - 23:40,cografizah,19K
15.06.2026 - 23:40,geo.mapped,21K
15.06.2026 - 23:40,egm_bizarros,19K
15.06.2026 - 23:40,poland_maps,15K
15.06.2026 - 23:40,imhistriphy,14K
15.06.2026 - 23:40,djtanaliz,14K
15.06.2026 - 23:40,theworldinmaps,14K
15.06.2026 - 23:40,theflagmapguy_2.0,14K
15.06.2026 - 23:40,try.asia,13K
15.06.2026 - 23:40,tarix_hazirliq_nabiyeva_bahar,13K
15.06.2026 - 23:40,mikro.secim,14K
15.06.2026 - 23:40,the.history.archives,12K
15.06.2026 - 23:40,explainedreality,12K
15.06.2026 - 23:40,deltamaps,10K
15.06.2026 - 23:40,saptadvipa_maps,10K
15.06.2026 - 23:40,lupiae.maps,10K
15.06.2026 - 23:40,_geographically_,9,352
15.06.2026 - 23:40,m4b_lums,9,347
15.06.2026 - 23:40,moregeographyeveryday,9,013
15.06.2026 - 23:40,preussenarchiv,8,982
15.06.2026 - 23:40,thebluemaps,8,856
15.06.2026 - 23:40,flags_maps_byhand.official,8,913
15.06.2026 - 23:40,mapclip.eu,8,216
15.06.2026 - 23:40,mediterranean.mapper,8,080
15.06.2026 - 23:40,try.balkan,8,070
15.06.2026 - 23:40,britainmaps_,7,872
15.06.2026 - 23:40,visualwallmaps,7,795
15.06.2026 - 23:40,haritabilim,7,633
15.06.2026 - 23:40,azerbeijani,8,786
15.06.2026 - 23:40,srb_maps,6,601
15.06.2026 - 23:40,allygorhy,6,470
15.06.2026 - 23:40,lecartographeroyal,5,904
15.06.2026 - 23:40,south.europe_geo,5,955
15.06.2026 - 23:40,keylandmaps,5,414
15.06.2026 - 23:40,forum_harita,4,908
15.06.2026 - 23:40,factsonmap,4,772
15.06.2026 - 23:40,georiginals,4,211
15.06.2026 - 23:40,attican_mapper,3,376
15.06.2026 - 23:40,kontext_ger,3,736
15.06.2026 - 23:40,mapaetudo,3,217
15.06.2026 - 23:40,geo_w0rld,3,044
15.06.2026 - 23:40,southeastasia.languages,2,954
15.06.2026 - 23:40,historical.maps_,2,729
15.06.2026 - 23:40,geomapped,2,632
15.06.2026 - 23:40,east.west.street,2,645
15.06.2026 - 23:40,hellenic_mapper,2,310
15.06.2026 - 23:40,geo.benelux,2,114
15.06.2026 - 23:40,mapscommunity,2,069
15.06.2026 - 23:40,_holfat_,1,961
15.06.2026 - 23:40,trend_maps,1,861
15.06.2026 - 23:40,leuchtturm.wiki,1,842
15.06.2026 - 23:40,slavonian_history,1,734
15.06.2026 - 23:40,zijemsk,1,700
15.06.2026 - 23:40,histo_graphical.can,1,687
15.06.2026 - 23:40,gerpol.frame_mapper,1,485
15.06.2026 - 23:40,geo.dutch,1,320
15.06.2026 - 23:40,backa.mapper,1,109
15.06.2026 - 23:40,hellenic_cartographer,1,079
15.06.2026 - 23:40,datailed,486
15.06.2026 - 23:40,electionsmaps,425
15.06.2026 - 23:40,turkischmaps,406
15.06.2026 - 23:40,unimaps.de,4,612
